id,priority,area,change,where,why,acceptance_test,status
AF61-01,P0,provenance,Remove exact duplicate and relabel raw pre-correction audit,provenance/,A misleading duplicate undermines the package's own artifact-integrity claims,No duplicate SHA-256 content in provenance; raw review retained once under accurate name,implemented
AF61-02,P0,canonical registry,Add machine-readable canonical registry,release/AF_CANONICAL_REGISTRY_v6_2.json,"Authority, stable identifiers, precedence, and evidence boundaries should be inspectable in one record","Verifier compares registry to Core, Methods, workbook, and reference logic",implemented
AF61-03,P0,version binding,Synchronize active release identifiers to AF-v6.2 while preserving stable component IDs,all active artifacts,Release drift is a direct C0/C2 integrity defect,No undeclared active AF-v6.0 strings; stable IDs explicitly allowlisted,implemented
AF61-04,P1,artifact authority,Publish authority and conflict-resolution policy,release/ARTIFACT_AUTHORITY_AND_VERSION_POLICY_v6_2.md,Readers should not infer authority from filenames or rendering format,"Policy names controlling source, delegated scope, change classes, and fail-closed conflict rule",implemented
AF61-05,P1,external facts,Add dated primary-source verification record,release/EXTERNAL_FACT_VERIFICATION_RECORD_v6_2.md/json,Contemporary claims can change and should be separated from conceptual claims,"Four load-bearing claims have official/primary URLs, status, date, and boundary",implemented
AF61-06,P0,verification,Replace dependency-sensitive root checks with portable ZIP/XML verification,verify_release_v6_2.py,Independent replay should not require a desktop workbook stack,"Verifier passes from clean extracted ZIP and checks workbook configuration, triplets, registry, provenance, and supplement",implemented
AF61-07,P1,usability,Add one start-here route and update package map,START_HERE.md; README.md; release/PACKAGE_MAP_v6_2.md,A large multi-artifact package needs a bounded entry path,"Primary reading, implementation, and verification paths are named",implemented
AF61-08,P0,production QA,Rebuild and visually inspect all DOCX/PDF and key workbook surfaces,release/TABLE_AND_VISUAL_QA_RECORD_v6_2.json,"Container integrity alone cannot detect clipping, overlap, or rendering regressions",All pages rendered; contact-sheet review and PDF preflight pass; workbook previews inspected,implemented
AF61-09,P0,publication graphics and pagination,Reconstruct nine figures and rebalance two sparse Core continuations without semantic change,media/; Core Protocol DOCX/PDF; Measurement Handbook DOCX/PDF; visual QA record,"Text overflow, callout overlap, connector collisions, and isolated continuation pages weakened publication quality and could obscure meaning",Nine corrected assets fit their panels; embedded assets match packaged media by SHA-256; corrected documents render cleanly across 122 pages; total family remains 190 pages; root and clean-extraction verifiers pass,implemented
AF62-10,P0,version binding,Complete current-package v6.2 reference audit while preserving only explicit historical v6.1 provenance,root metadata; publication/; release/; submission/; reproducibility supplement,Mixed current-release labels weaken repository identity and reproducibility,Current package metadata and active bindings identify AF-v6.2; any v6.1 mention is explicitly historical/provenance only,implemented
AF62-11,P0,publication formatting,"Repair escaped Markdown line breaks, duplicated legacy/current TOC titles, and malformed Measurement Handbook TOC page suffixes",publication Markdown/DOCX/PDF family and release report triplets,Visible release-artifact defects weaken professional readability and GitHub/web publication quality,Changed DOCX files rerender cleanly; static TOCs show one v6.2 title and correct visible page suffixes; no literal escaped newline sequences remain,implemented
AF62-12,P0,verification and workbook parity,"Reconcile the 19-sheet workbook, byte-identical supplement copy, page totals, supplement inventory, and root checksum/verifier records",reproducibility/; release QA records; root/supplement verifiers and hash inventories,Stale workbook/page/inventory metadata can cause a formally complete package to fail its own release checks,Supplement verifier PASS; root verifier PASS; 19 workbook sheets reported; 191 PDF pages reported; clean-extraction verifier PASS,implemented
