draws,seed,base_dominance,mean_proposals_q,admission_rate,destabilization_probability_t,reported_dominance_rate,base_dominance_rate_observed,assumption
200000,20260812,0.1,0.5,0.25,0.05,0.10031,0.100855,conditionally independent exploratory sensitivity; not a protocol rule or empirical forecast
200000,20260813,0.1,0.5,0.25,0.15,0.098595,0.100305,conditionally independent exploratory sensitivity; not a protocol rule or empirical forecast
200000,20260814,0.1,0.5,0.25,0.3,0.09623,0.099675,conditionally independent exploratory sensitivity; not a protocol rule or empirical forecast
200000,20260815,0.1,0.5,0.5,0.05,0.09874,0.1,conditionally independent exploratory sensitivity; not a protocol rule or empirical forecast
200000,20260816,0.1,0.5,0.5,0.15,0.09417,0.098005,conditionally independent exploratory sensitivity; not a protocol rule or empirical forecast
200000,20260817,0.1,0.5,0.5,0.3,0.091785,0.09873,conditionally independent exploratory sensitivity; not a protocol rule or empirical forecast
200000,20260818,0.1,0.5,0.75,0.05,0.099155,0.10092,conditionally independent exploratory sensitivity; not a protocol rule or empirical forecast
200000,20260819,0.1,0.5,0.75,0.15,0.094165,0.099505,conditionally independent exploratory sensitivity; not a protocol rule or empirical forecast
200000,20260820,0.1,0.5,0.75,0.3,0.090055,0.100815,conditionally independent exploratory sensitivity; not a protocol rule or empirical forecast
200000,20260821,0.1,1,0.25,0.05,0.098605,0.09983,conditionally independent exploratory sensitivity; not a protocol rule or empirical forecast
200000,20260822,0.1,1,0.25,0.15,0.09571,0.09948,conditionally independent exploratory sensitivity; not a protocol rule or empirical forecast
200000,20260823,0.1,1,0.25,0.3,0.092885,0.09997,conditionally independent exploratory sensitivity; not a protocol rule or empirical forecast
200000,20260824,0.1,1,0.5,0.05,0.097645,0.100335,conditionally independent exploratory sensitivity; not a protocol rule or empirical forecast
200000,20260825,0.1,1,0.5,0.15,0.09213,0.099645,conditionally independent exploratory sensitivity; not a protocol rule or empirical forecast
200000,20260826,0.1,1,0.5,0.3,0.08613,0.10045,conditionally independent exploratory sensitivity; not a protocol rule or empirical forecast
200000,20260827,0.1,1,0.75,0.05,0.097585,0.10129,conditionally independent exploratory sensitivity; not a protocol rule or empirical forecast
200000,20260828,0.1,1,0.75,0.15,0.09059,0.101265,conditionally independent exploratory sensitivity; not a protocol rule or empirical forecast
200000,20260829,0.1,1,0.75,0.3,0.08016,0.09997,conditionally independent exploratory sensitivity; not a protocol rule or empirical forecast
200000,20260830,0.1,2,0.25,0.05,0.09808,0.10036,conditionally independent exploratory sensitivity; not a protocol rule or empirical forecast
200000,20260831,0.1,2,0.25,0.15,0.093495,0.10033,conditionally independent exploratory sensitivity; not a protocol rule or empirical forecast
200000,20260832,0.1,2,0.25,0.3,0.0866,0.10076,conditionally independent exploratory sensitivity; not a protocol rule or empirical forecast
200000,20260833,0.1,2,0.5,0.05,0.09606,0.100905,conditionally independent exploratory sensitivity; not a protocol rule or empirical forecast
200000,20260834,0.1,2,0.5,0.15,0.08473,0.098355,conditionally independent exploratory sensitivity; not a protocol rule or empirical forecast
200000,20260835,0.1,2,0.5,0.3,0.07337,0.099485,conditionally independent exploratory sensitivity; not a protocol rule or empirical forecast
200000,20260836,0.1,2,0.75,0.05,0.09299,0.10044,conditionally independent exploratory sensitivity; not a protocol rule or empirical forecast
200000,20260837,0.1,2,0.75,0.15,0.079865,0.1002,conditionally independent exploratory sensitivity; not a protocol rule or empirical forecast
200000,20260838,0.1,2,0.75,0.3,0.063825,0.10066,conditionally independent exploratory sensitivity; not a protocol rule or empirical forecast
200000,20260839,0.1,4,0.25,0.05,0.09559,0.100365,conditionally independent exploratory sensitivity; not a protocol rule or empirical forecast
200000,20260840,0.1,4,0.25,0.15,0.08605,0.09962,conditionally independent exploratory sensitivity; not a protocol rule or empirical forecast
200000,20260841,0.1,4,0.25,0.3,0.074035,0.100015,conditionally independent exploratory sensitivity; not a protocol rule or empirical forecast
200000,20260842,0.1,4,0.5,0.05,0.089605,0.099225,conditionally independent exploratory sensitivity; not a protocol rule or empirical forecast
200000,20260843,0.1,4,0.5,0.15,0.073225,0.0994,conditionally independent exploratory sensitivity; not a protocol rule or empirical forecast
200000,20260844,0.1,4,0.5,0.3,0.05526,0.10072,conditionally independent exploratory sensitivity; not a protocol rule or empirical forecast
200000,20260845,0.1,4,0.75,0.05,0.08555,0.099485,conditionally independent exploratory sensitivity; not a protocol rule or empirical forecast
200000,20260846,0.1,4,0.75,0.15,0.064055,0.10031,conditionally independent exploratory sensitivity; not a protocol rule or empirical forecast
200000,20260847,0.1,4,0.75,0.3,0.040825,0.09991,conditionally independent exploratory sensitivity; not a protocol rule or empirical forecast
